code,parent_code,name,level
ai,,"industry activity, total",0
A_Bambs,ai,Growing of bambara bean,1
A_Barly,ai,Growing of barley,1
A_Beann,ai,"Growing of bean, green",1
A_Ceres,ai,"Growing of cereal, nes",1
A_Buckt,ai,Growing of buckwheat,1
A_Wheat,ai,Growing of wheat,1
A_Soybs,ai,Growing of soybean,1
A_Ryee,ai,Growing of rye,1
A_Saffd,ai,Growing of safflower seed,1
A_Sesad,ai,Growing of sesame seed,1
A_Sorgm,ai,Growing of sorghum,1
A_Germt,ai,Growing of germ of wheat,1
A_Peasy,ai,"production of pea, dry",1
A_Castd,ai,Growing of castor bean,1
A_Linsd,ai,Growing of linseed,1
A_Lupis,ai,Growing of lupin,1
A_Graid,ai,production of mixed grain,1
A_Chick,ai,"production of chick-peas, dry",1
A_Maize,ai,Growing of maize,1
A_Maizn,ai,Growing of green corn (maize),1
A_Oilss,ai,Growing of oilseed nes,1
A_Groul,ai,"Growing of groundnut, in shell",1
A_Raped,ai,Growing of rapeseed or colza seed,1
A_Mustd,ai,Growing of mustard seed,1
A_Vegleg_nes,ai,"Growing of broad bean, green",1
A_Millt,ai,Growing of millet,1
A_Fonio,ai,Growing of fonio,1
A_Oatss,ai,Growing of oat,1
A_Okraa,ai,Growing of okra,1
A_Peasn,ai,"Growing of pea, green",1
A_Vetcs,ai,Growing of vetch,1
A_Quina,ai,Growing of quinoa,1
A_Poppd,ai,Growing of poppy seed,1
A_Piges,ai,Growing of pigeon pea,1
A_Lents,ai,"production of lentil, dry",1
A_Pulss,ai,Growing of puls nes,1
A_Cowpea,ai,"production of cow pea, dry",1
A_Stris,ai,Growing of string bean,1
A_Trite,ai,Growing of triticale,1
A_Ricey,ai,Growing of rice,1
A_Artis,ai,Growing of artichoke,1
A_Aspas,ai,Growing of asparagus,1
A_Carrs,ai,Growing of carrot,1
A_Cassa,ai,Growing of cassava,1
A_Cucus,ai,Growing of cucumber and gherkin,1
A_Cabbs,ai,Growing of cabbage,1
A_Eggpl,ai,Growing of eggplant,1
A_Tomas,ai,"Growing of tomato, fresh",1
A_Cauli,ai,Growing of cauliflower and broccoli,1
A_Spinh,ai,Growing of spinach,1
A_Chics,ai,Growing of chicory root,1
A_Letty,ai,Growing of lettuce and chicory,1
A_Melon,ai,"Growing of melon, cantaloup",1
A_Melonse,ai,Growing of melonseed,1
A_Mushs,ai,Growing of mushroom,1
A_Onion,ai,"Growing of onion, shallots (green)",1
A_Garlc,ai,Growing of garlic,1
A_Leeks,ai,Growing of leek and other alliaceous vegetable,1
A_Sugat,ai,Growing of sugar beet,1
A_Potas,ai,Growing of potato,1
A_Sunfd,ai,Growing of sunflower seed,1
A_Swees,ai,Growing of sweet potato,1
A_Yams,ai,Growing of yam,1
A_Roots,ai,Growing of root and tubers nes,1
A_Wates,ai,Growing of watermelon,1
A_Canad,ai,Growing of canary seed,1
A_Onioy,ai,"production of onion, dry",1
A_oVege_fresh,ai,"Growing of vegetable, fresh n.e.s.",1
A_Sugae,ai,Growing of sugar cane,1
A_Tobac,ai,Growing of tobacco leave,1
A_Agavs,ai,Growing of agave fibre crops nes,1
A_Bastr,ai,Growing of jute-like fibre crops,1
A_Flaxw,ai,production of flax fibre and tow,1
A_oFibrs,ai,Growing of fibre crop nes,1
A_Seedcot,ai,Growing of seedcotton,1
A_Jute,ai,Growing of jute,1
A_Manila,ai,Growing of abaca manila hemp,1
A_Ramie,ai,Growing of ramie,1
A_Sisal,ai,Growing of sisal,1
A_Sugas,ai,Growing of sugar crop nes,1
A_Pumps,ai,"Growing of pumpkin, squash and gourd",1
A_Hempd,ai,Growing of hempseed,1
A_Jojod,ai,Growing of jojoba seed,1
A_Germe,ai,Growing of germ of maize,1
A_Graps,ai,Growing of grape,1
A_Avocs,ai,Growing of avocado,1
A_Arecs,ai,Growing of areca nut,1
A_Banas,ai,Growing of banana,1
A_Papas,ai,Growing of papaya,1
A_Mangs,ai,Growing of mango,1
A_Figss,ai,Growing of fig,1
A_Pines,ai,Growing of pineapple,1
A_frtrop_nes,ai,"Growing of fruit, tropical (fresh) nes",1
A_Dates,ai,Growing of date,1
A_Perss,ai,Growing of persimmon,1
A_Plans,ai,Growing of plantain,1
A_Cashe,ai,Growing of cashewapple,1
A_oFru_cit,ai,Growing of citrus fruit nes,1
A_Lemos,ai,Growing of lemon and lime,1
A_Grapf,ai,Growing of grapefruit and pomelo,1
A_Orans,ai,Growing of orange,1
A_Tmand,ai,"Growing of tangerine, mandarin, clementine, satsuma",1
A_Appls,ai,Growing of apple,1
A_Apris,ai,Growing of apricot,1
A_Chers,ai,Growing of cherry,1
A_Cherr,ai,Growing of sour cherry,1
A_oFru_ston,ai,Growing of stone fruit nes,1
A_Quins,ai,Growing of quinc,1
A_oFru_pom,ai,Growing of pome fruit nes,1
A_Peacs,ai,Growing of peach and nectarin,1
A_Pears,ai,Growing of pear,1
A_Plums,ai,Growing of plum,1
A_oFru_fresh,ai,Growing of fruit nes,1
A_Almol,ai,Growing of almond,1
A_Berrs,ai,Growing of berry nes,1
A_Blues,ai,Growing of blueberry,1
A_Brazl,ai,Growing of brazil nut,1
A_Beany,ai,"production of bean, dry",1
A_Cashl,ai,Growing of cashew nut,1
A_Hazel,ai,Growing of hazelnut (filberts),1
A_Chest,ai,Growing of chestnut,1
A_Crans,ai,Growing of cranberry,1
A_Stras,ai,Growing of strawberry,1
A_Walnd,ai,"Growing of walnut, shelled",1
A_Walnl,ai,Growing of walnut,1
A_Rasps,ai,Growing of raspberry,1
A_Gooss,ai,Growing of gooseberry,1
A_Kiwi,ai,Growing of kiwi fruit,1
A_Pists,ai,Growing of pistachio,1
A_Nutss,ai,Growing of nut nes,1
A_Currs,ai,Growing of currant,1
A_Broay,ai,"production of broad bean, dry",1
A_Cocon,ai,Growing of coconut,1
A_Olivs,ai,Growing of olive,1
A_Taro,ai,Growing of taro (cocoyam),1
A_palm,ai,Growing of oil palm fruit,1
A_Teaa,ai,Growing of tea,1
A_Cocoa,ai,Growing of cocoa bean,1
A_Coffn,ai,Growing of coffee green,1
A_Mate,ai,Growing of mate,1
A_Anisr,ai,"Growing of anise, badian, fennel",1
A_Chily,ai,Growing of pimento,1
A_Chiln,ai,Growing of chilly and peppers (green),1
A_Cinn,ai,Growing of cinnamon (canella),1
A_Clovs,ai,Growing of clove,1
A_Vania,ai,Growing of vanilla,1
A_Spics,ai,Growing of spice nes,1
A_Pepp,ai,Growing of pepper,1
A_Hops,ai,Growing of hop,1
A_Gingr,ai,Growing of ginger,1
A_Peppt,ai,"Growing of peppermint, spearmint",1
A_Kari,ai,Growing of karite nut (sheanuts),1
A_Caros,ai,Growing of carob,1
A_Nutms,ai,"Growing of nutmeg, mace, cardamom",1
A_Talld,ai,Growing of tallowtree seed,1
A_Pyred,ai,"Growing of pyrethrum, dried flower",1
A_Rubber,ai,Growing of natural rubber,1
A_Tung_nuts,ai,Growing of tung nut,1
A_Kapot,ai,Growing of kapok fruit,1
A_Kola,ai,Growing of kolanut,1
A_lBufmeat,ai,Raising of buffaloes for meat,1
A_lCatmeat,ai,Raising of cattle for meat,1
A_Bufmilk,ai,Raising of buffaloes for milk,1
A_Cowmilk,ai,Raising of cattle for milk,1
A_lCammeat,ai,Raising of camels,1
A_lShemeat,ai,Raising of sheep for meat,1
A_Shemilk,ai,Raising of sheep for milk,1
A_lGoameat,ai,Raising of goat,1
A_Goamilk,ai,Raising of goat for milk,1
A_WOOL,ai,Raising of sheep for wool,1
A_PIGS,ai,Raising of pigs,1
A_lSwmeat,ai,Raising of swine,1
A_Poleggs,ai,Raising of poultry for eggs,1
A_lPolmeat,ai,Raising of poultry for meat,1
A_Othmeat,ai,Raising of other animals for meat,1
A_Silk_ree,ai,"production of cocoon, reelable",1
A_Honel,ai,Bee-keeping for honey,1
A_Snaia,ai,production of snail o/t sea snail,1
A_Silk_coco,ai,Raising of silk-worms for cocoon,1
A_Silkw,ai,"production of silk, raw",1
A_FORE,ai,Forestry and logging,1
A_FORE_comb,ai,supply of wood for combustion,1
A_CHAR,ai,production of charcoal,1
A_FISH,ai,production of fish and other fishing products; services incidental of fishing,1
A_F_capture,ai,Fishing,1
A_F_aqua,ai,Aquaculture,1
A_COAL,ai,Mining of coal and lignite,1
A_ANTH,ai,production of anthracite,1
A_COKC,ai,production of coking coal,1
A_OTBC,ai,production of other bituminous coal,1
A_PATF,ai,production of patent fuel and similar solid fuels manufactured from hard coal,1
A_LIBC,ai,production of lignite/brown coal,1
A_SUBC,ai,production of sub-bituminous coal,1
A_COIL,ai,"production of crude petroleum and services related to crude oil extraction, excluding surveying",1
A_COTA,ai,production of coal tar,1
A_GASE,ai,"production of natural gas and services related to natural gas extraction, excluding surveying",1
A_IRON,ai,production of iron ores,1
A_ORAN,ai,production of uranium and thorium ores,1
A_ALUO,ai,production of aluminium ores and concentrate,1
A_COPO,ai,production of copper ores and concentrate,1
A_LZTO,ai,"production of lead, zinc and tin ores and concentrates",1
A_NIKO,ai,production of nickel ore and concentrate,1
A_ONFO,ai,production of other non-ferrous metal ore and concentrate,1
A_PREO,ai,production of precious metal ores and concentrates,1
A_STON,ai,production of stone,1
A_SDCL,ai,production of sand and clay,1
A_CHMF,ai,Mining of chemical and fertilizer minerals,1
A_Pfert,ai,production of phosphatic fertilizers,1
A_Kfert,ai,production of potassic fertilizers,1
A_PEAT,ai,Extraction of peat,1
A_pBovmeat,ai,Slaughtering of bovine animals,1
A_pPigmeat,ai,Slaughtering of pigs,1
A_pPolmeat,ai,Slaughtering of poultry,1
A_pOthmeat,ai,Slaughtering of other animals,1
A_pDermeat,ai,production of meat derivate,1
A_pMuGomeat,ai,production of mutton and goat meat,1
A_Beef_proc,ai,production of beef meat,1
A_Pork_proc,ai,production of pork meat,1
A_Oth_proc,ai,production of poultry and other meat,1
A_FSHP,ai,"Processing and preserving of fish, crustaceans and molluscs",1
A_Frozfrui,ai,production of frozen fruit,1
A_Frozvege,ai,production of frozen vegetable,1
A_Jufruveg,ai,production of juice and fruit and veg prepared,1
A_FVEG,ai,"production of vegetable, fruit, nut",1
A_Cassd,ai,"production of cassava, dried",1
A_Plum,ai,"production of plum, dried",1
A_Apriy,ai,"production of apricot, dried",1
A_Figsd,ai,"production of fig, dried",1
A_Grou_shld,ai,"production of groundnuts, without shell",1
A_Kapod,ai,"production of kapokseed, shelled",1
A_Haze_shld,ai,"Growing of hazelnut, shelled",1
A_Cashd,ai,"Growing of cashew nut, shelled",1
A_Almod,ai,"Growing of almond, shelled",1
A_Brazd,ai,"Growing of brazil nut, shelled",1
A_Oiloliv,ai,production of olive oil,1
A_Othvoils,ai,production of other vegetable oil,1
A_Oilpalm,ai,production of palm oil,1
A_Oilrape,ai,production of rapeseed oil,1
A_Oilsoy,ai,production of soybean oil,1
A_Vegfats,ai,production of vegetable fat,1
A_Prmilk,ai,Processing of milk,1
A_Othdiar,ai,Manufacture of other dairy products,1
A_Prorice,ai,production of rice,1
A_RICE,ai,production of processed rice,1
A_OCER,ai,production of cereal grains nec,1
A_Othflour,ai,production of other flour,1
A_Whflour,ai,production of wheat flour,1
A_Othproc,ai,Manufacture of bakery products,1
A_Sugar,ai,Manufacture of sugar,1
A_Cocader,ai,production of cocao derivate,1
A_Chocs,ai,production of chocolate,1
A_Candy,ai,production of sugar confectionery,1
A_Cocod,ai,"production of coconut, desiccated",1
A_Pasta,ai,"Manufacture of macaroni, noodles, couscous and similar farinaceous products",1
A_Roscoff,ai,production of roasted coffee,1
A_Prfeed,ai,production of protein feed,1
A_Othalbev,ai,production of other alcoholic beverage,1
A_Wine,ai,production of wine,1
A_Beer,ai,production of beer,1
A_bot_water,ai,production of bottled water and soft drinks,1
A_TOBC,ai,production of tobacco product,1
A_TEXT,ai,Manufacture of textiles,1
A_FIBR,ai,"Spinning, weaving and finishing of textiles",1
A_GARM,ai,Production of Knitted or crocheted fabrics; wearing apparel,1
A_LETH,ai,production of leather and leather products,1
A_WOOD,ai,"Manufacture of other products of wood; manufacture of articles of cork, straw and plaiting materials",1
A_PAPE,ai,production of paper and paper product,1
A_SHEET_PA,ai,manufacture of paper sheet,1
A_KRAFT_RES,ai,manufacture of other kraft paper,1
A_SHEET_PAAL,ai,"manufacture of paper sheet, with aluminium foil",1
A_SHEET_PAPL,ai,manufacture of mixed paper and plastic sheet,1
A_PASHEET_RES,ai,manufacture of paper and paperboard other,1
A_PULP,ai,production of pulp,1
A_MDIA,ai,production of printed matter and recorded media,1
A_COKE,ai,manufacture of coke oven product,1
A_COKE_bypr_recov,ai,"manufacture of coke oven product, with by-product recovery",1
A_COKE_no_recov,ai,"manufacture of coke oven product, without by-product recovery",1
A_COOG,ai,production of coke oven gas,1
A_GCOK,ai,production of gas coke,1
A_REFN,ai,Manufacture of refined petroleum products,1
A_BIOD,ai,production of biodiesel,1
A_BIOG,ai,production of biogasoline,1
A_BKBP,ai,production of bkb/peat briquettes,1
A_LPGA,ai,production of liquefied petroleum gas (lpg),1
A_LUBR,ai,production of lubricant,1
A_GASL,ai,production of natural gas liquid,1
A_OBIO,ai,production of other liquid biofuel,1
A_GJET,ai,production of gasoline-type jet fuel,1
A_KJET,ai,production of kerosene-type jet fuel,1
A_MGSL,ai,production of motor gasoline,1
A_AGSL,ai,production of aviation gasoline,1
A_NAPT,ai,production of naphta,1
A_WHSP,ai,production of white spirit and special boiling point industrial spirits,1
A_DOIL,ai,production of gas oil,1
A_FOIL,ai,production of heavy fuel oil,1
A_RGAS,ai,production of refinery gas,1
A_ETHA,ai,production of ethane,1
A_BITU,ai,production of bitumen,1
A_PETC,ai,production of petroleum coke,1
A_NSPP,ai,production of non-specified petroleum product,1
A_KERO,ai,production of other kerosene,1
A_REFF,ai,production of refinery feedstock,1
A_PARW,ai,production of paraffin waxes,1
A_CHEM,ai,Manufacture of chemicals and chemical products,1
A_PHAR,ai,Manufacture of pharmaceuticals,1
A_OGPL,ai,production of other hydrocarbons,1
A_NUCF,ai,production of nuclear fuel,1
A_N_urea,ai,production of urea,1
A_NP_fert,ai,production of np fertilizers,1
A_NPK,ai,production of fertilizer n.e.c.,1
A_N_solution,ai,production of othe nitrogen fertilizer,1
A_PK_fert,ai,production of pk compounds,1
A_N_AmmNit,ai,production of ammonium nitrate,1
A_N_AmmSol,ai,production of ammonium sulphate,1
A_N_CaAmNit,ai,production of calcium ammonium nitrate and other mixtures with calcium carbonate,1
A_NK_fert,ai,production of other nk compound,1
A_PLAS,ai,Manufacture of plastics in primary forms,1
A_RUB,ai,Manufacture of synthetic rubber in primary forms,1
A_ADDC,ai,Manufacture of Lubricating preparations and preparations,1
A_RUBP,ai,production of rubber and plastic products,1
A_SHEET_PLAL,ai,production of mixed plastic and aluminium sheet,1
A_FOIL_PLA,ai,production of plastic foil,1
A_PACK_OPLA,ai,production of other plastic packaging,1
A_TRAY_PET,ai,production of PET tray in cardboard sleeve,1
A_BOTL_PLA,ai,production of other plastic bottle,1
A_BOTL_PET,ai,production of PET bottlle,1
A_BAG_PLA,ai,production of plasic bags,1
A_SHEET_PAPLAL,ai,"production of mixed paper, plastic and aluminium sheet",1
A_TETRA_PPA,ai,"production of tetrabrik (paper, plastic and aluminium)",1
A_TETRA_PP,ai,production of tetrabrik (paper and plastic),1
A_SHEET_RES,ai,"production of plates, sheets",1
A_PLATES_RES,ai,"production of plates, other flat shapes",1
A_GLAS,ai,production of glass and glass product,1
A_CONTAI_GLS,ai,"production of small container, glass",1
A_JAR_GLS,ai,"production of small jar, glass",1
A_BOTL_GLM,ai,"production of bottle 0.75l, glass",1
A_BOTL_GLS,ai,"production of bottle 0.33l, glass",1
A_BOTL_RES,ai,"production of jars, phials and other container",1
A_BRIK,ai,"production of bricks, tiles and construction products, in baked clay",1
A_CRMC,ai,production of ceramic good,1
A_CMNT,ai,"production of cement, lime and plaster",1
A_ONMM,ai,production of other non-metallic mineral products,1
A_STEL,ai,production of basic iron and steel and of ferro-alloy and first product thereof,1
A_STEL_eaf,A_STEL,production of steel from electric arc furnace,2
A_STEL_bof,A_STEL,production of steel from basic oxygen furnace,2
A_MBFG,ai,production of blast furnace gas,1
A_MOSG,ai,production of oxygen steel furnace gas,1
A_steel_bof,ai,production of steel via blast oxygen furnace,1
A_steel_eaf,ai,production of steel via electric arc furnace,1
A_PREM,ai,production of precious metals,1
A_ONFM,ai,production of other non-ferrous metal products,1
A_COPP,ai,production of copper product,1
A_LZTP,ai,"production of lead, zinc and tin and products thereof",1
A_ALUM,ai,production of aluminium and aluminium product,1
A_FOIL_AL,ai,production of aluminium foil,1
A_FOIL_RES,ai,production of foil other,1
A_FABM,ai,"production of fabricated metal product, except machinery and equipment",1
A_CAN_STEL,ai,"production of steel can, food",1
A_CAN_ALF,ai,"production of aluminium can, food",1
A_CAN_ALD,ai,"production of aluminium can, drink",1
A_CAN_RES,ai,"production of tanks, casks, drums, and similar containers",1
A_ELMA,ai,Manufacture of electronic components and boards,1
A_OFMA,ai,Manufacture of computers and peripheral equipment,1
A_RATV,ai,Manufacture of communication equipment,1
A_MEIN,ai,"Manufacture of measuring, testing, navigating and control equipment; watches and clocks",1
A_MACH,ai,Manufacture of machinery and equipment n.e.c.,1
A_HPUMP,ai,production of heat pumps,1
A_EBOIL,ai,production of electric boilers,1
A_auto,ai,production of car,1
A_bus,ai,production of buses,1
A_truck,ai,production of trucks,1
A_MOTO,ai,production of other vehicles,1
A_OTRE,ai,Manufacture of other transport equipment,1
A_FURN,ai,Manufacture of Furniture; other transportable goods n.e.c.,1
A_ELEC,ai,"Electric power generation, transmission and distribution",1
A_elec_CHP,ai,production  of electricity from combined heat and power plants,1
A_elec_HWAT,ai,production  of electricity from combined heat and power plants,1
A_elec_INC,ai,production  of electricity from incineration of waste,1
A_elec_POWB,ai,production  of electricity by biomass and waste,1
A_elec_POWC,ai,production  of electricity by coal,1
A_elec_POWG,ai,production  of electricity by gas,1
A_elec_POWH,ai,production  of electricity by hydro,1
A_elec_POWM,ai,production  of electricity by geothermal,1
A_elec_POWP,ai,production  of electricity by petroleum and other oil derivatives,1
A_elec_POWS,ai,production  of electricity by solar photovoltaic,1
A_elec_POWW,ai,production  of electricity by wind,1
A_elec_POWN,ai,production  of electricity by nuclear,1
A_elec_POWZ,ai,production  of electricity nec,1
A_elec_POWO,ai,"production  of electricity by tide, wave, ocean",1
A_Nat_Elec,ai,production  of electricity from domestic sources,1
A_elec_BA_INCI,ai,production  of electricity from incineration of batteries and accumulators,1
A_elec_BIOF,ai,production  of electricity from biogasification of food,1
A_elec_BIOP,ai,production  of electricity from biogasification of paper,1
A_elec_BIOS,ai,production  of electricity from biogasification of sewage,1
A_elec_HA_INCI,ai,production  of electricity from incineration hazardous waste,1
A_elec_HCHEM,ai,production  of electricity from chemical heat,1
A_elec_INCF,ai,production  of electricity from incineration of food,1
A_elec_INCL,ai,production  of electricity from incineration of plastics,1
A_elec_INCP,ai,production  of electricity from incineration of paper,1
A_elec_INCW,ai,production  of electricity from incineration of wood,1
A_elec_MA_INCI,ai,production  of electricity from incineration of manure,1
A_elec_MANC,ai,production  of electricity from manure biogasification,1
A_elec_SE_INCI,ai,production  of electricity from incineration of sewage,1
A_elec_TE_INCI,ai,production  of electricity from incineration of textiles,1
A_elec_UN_INCI,ai,production  of electricity from incineration of unsorted waste,1
A_GASD,ai,production of distribution services of gaseous fuels through mains,1
A_MGWG,ai,production of gas works (inluding gas),1
A_MBIO,ai,production of biogas,1
A_BIO,ai,gasification plant for biogas,1
A_HWAT,ai,operating of steam and hot water supply services,1
A_CHP,ai,operation of combined heat and power plants,1
A_HWAT_comb,ai,"operation of steam and hot water supply services, using combustible fules",1
A_CONS,ai,Construction,1
A_METC,ai,Other specialized construction activities,1
A_TDMO,ai,"sale, maintenance, repair of motor vehicles, motor vehicles parts, motorcycles, motor cycles parts and accessoiry",1
A_TDWH,ai,"production of wholesale trade and commission trade services, except of motor vehicles and motorcycle",1
A_TDRT,ai,"production of retail  trade services, except of motor vehicles and motorcycles; repair services of personal and household good",1
A_TDFU,ai,Retail sale of automotive fuel in specialized stores,1
A_TRAI,ai,operating of railway transportation services,1
A_TLND,ai,operating of other land transportation services,1
A_TPIP,ai,operating of transportation services via pipelines,1
A_TWAS,ai,operating of sea and coastal water transportation services,1
A_TWAI,ai,operating of inland water transportation services,1
A_TAIR,ai,operating of air transport services,1
A_TAUX,ai,operating of supporting and auxiliary transport services; travel agency services,1
A_PTEL,ai,Postal and courier activities,1
A_PTEL,ai,Postal and courier activities,1
A_ENGS,ai,Architectural and engineering activities; technical testing and analysis,1
A_REP_INST,ai,Repair and installation of machinery and equipment,1
A_BUILD_LAND_serv,ai,Services to buildings and landscape activities,1
A_HORE,ai,Accommodation,1
A_PUBL,ai,Publishing activities,1
A_RECR,ai,"Motion picture, video and television programme production, sound recording and music publishing activities",1
A_COMP,ai,"Computer programming, consultancy and related activities",1
A_FINT,ai,"operating of financial intermediation service, except insurance and pension funding services",1
A_FINS,ai,"operating of insurance and pension funding service, except compulsory social security services",1
A_FAUX,ai,operating of services auxiliary to financial intermediation,1
A_LEGAL,ai,Legal and accounting activities,1
A_REAL,ai,Real estate activities,1
A_MANA,ai,Activities of head offices; management consultancy activities,1
A_RESD,ai,Scientific research and development,1
A_OBUS,ai,"Other professional, scientific and technical activities",1
A_MARE,ai,Rental and leasing activities,1
A_PADF,ai,Public administration and defence; compulsory social security,1
A_EDUC,ai,Education,1
A_HEAL,ai,Human health activities,1
A_SOWO,ai,Social work,1
A_INFO,ai,Information activities,1
A_VET,ai,Veterinary activities,1
A_ORGA,ai,Activities of membership organizations,1
A_OSER,ai,Other personal service activities,1
A_ART,ai,"Arts, museums, libraries, performance activities",1
A_GAMB,ai,Gambling and betting,1
A_ASER,ai,Administrative and employment activities,1
at,,"treatmant activity, total",0
A_WATR,at,"Water collection, treatment and supply",1
A_WASF,at,"treatment of food waste, waste water",1
A_WASO,at,"treatment of other waste, waste water",1
A_SE_wwater,at,provision of waste water services for sewage,1
A_GLAS_reuse,at,Collection of hazardous waste,1
A_BIOF,at,"treatment of food waste, biogasification and land application",1
A_BIOP,at,"treatment of paper waste, biogasification and land application",1
A_BIOS,at,"treatment of sewadge sludge, biogasification and land application",1
A_FOOD_w_water,at,provision of waste water services for food,1
A_CO_INCI,at,"treatment of construction waste, energy recovery",1
A_CO_INCI_no_recov,at,"treatment of construction waste, incineration",1
A_CO_LAND,at,"treatment of construction waste, landfill",1
A_CO_OTHE,at,"treatment of construction waste, other disposal",1
A_COMF,at,"treatment of food waste, composting and land application",1
A_COMW,at,"treatment of paper and wood waste, composting and land application",1
A_CU_INCI,at,"treatment of copper waste, energy recovery",1
A_CU_LAND,at,"treatment of copper waste, landfill",1
A_DE_INCI,at,"treatment of discarded equipment waste, energy recovery",1
A_DE_INCI_no_recov,at,"treatment of discarded equipment waste, incineration",1
A_DE_LAND,at,"treatment of discarded equipment waste, landfill",1
A_DE_OTHE,at,"treatment of discarded equipment waste, other disposal",1
A_DV_INCI,at,"treatment of discarded vehicle waste, energy recovery",1
A_DV_INCI_no_recov,at,"treatment of discarded vehicle waste, incineration",1
A_DV_LAND,at,"treatment of discarded vehicle waste, landfill",1
A_SE_biog,at,provision of biogasification and land application services,1
A_DV_OTHE,at,"treatment of discarded vehicle waste, other disposal",1
A_FO_OTHE,at,"treatment of food waste, other disposal",1
A_INCF,at,"treatment of food waste, energy recovery",1
A_INCF_no_recov,at,"treatment of food waste, incineration",1
A_INCL,at,"treatment of plastic and rubber waste, energy recovery",1
A_INCL_no_recov,at,"treatment of plastic and rubber waste, incineration",1
A_INCP,at,"treatment of paper waste, energy recovery",1
A_INCP_no_recov,at,"treatment of paper waste, incineration",1
A_INCW,at,"treatment of wood waste, energy recovery",1
A_INCW_no_recov,at,"treatment of plastic waste, incineration",1
A_INCW_no_recovery,at,"treatment of wood waste, incineration",1
A_LANF,at,"treatment of food waste, landfill",1
A_LANL,at,"treatment of plastic and rubber waste, landfill",1
A_LANP,at,"treatment of paper waste, landfill",1
A_LANW,at,"treatment of wood waste, landfill",1
A_LZT_INCI,at,"treatment of lead, zinc and tin waste, energy recovery",1
A_LZT_LAND,at,"treatment of lead, zinc and tin waste, landfill",1
A_MA_INCI,at,"treatment of manure, energy recovery",1
A_MA_INCI_no_recov,at,"treatment of manure, incineration",1
A_MA_LAND,at,"treatment of manure, landfill",1
A_MA_OTHE,at,"treatment of manure, other disposal",1
A_MM_INCI,at,"treatment of mixed metal waste, energy recovery",1
A_MM_INCI_no_recov,at,"treatment of mixed metal waste, incineration",1
A_MM_LAND,at,"treatment of mixed metal waste, landfill",1
A_MM_OTHE,at,"treatment of mixed metal waste, other disposal",1
A_MNF_INCI,at,"treatment of non-ferrous metal waste, energy recovery",1
A_MNF_INCI_no_recov,at,"treatment of non-ferrous metal waste, incineration",1
A_MNF_LAND,at,"treatment of non-ferrous metal waste, landfill",1
A_MNF_OTHE,at,"treatment of non-ferrous metal waste, other disposal",1
A_NF_ENER,at,"treatment of non-ferrous mixed metal waste, energy recovery",1
A_NF_INCI,at,"treatment of non-ferrous mixed metal waste, incineration",1
A_NF_LAND,at,"treatment of non-ferrous mixed metal waste, landfill",1
A_NF_OTHE,at,"treatment of non-ferrous mixed metal waste, other disposal",1
A_ONF_INCI,at,"treatment of other non-ferrous metal waste, energy recovery",1
A_ONF_LAND,at,"treatment of other non-ferrous metal waste, landfill",1
A_PA_OTHE,at,"treatment of other paper waste, other disposal",1
A_PL_OTHE,at,"treatment of rubber and plastic waste, other disposal",1
A_PM_INCI,at,"treatment of precious metal waste, energy recovery",1
A_PM_LAND,at,"treatment of precious metal waste, landfill",1
A_SE_INCI,at,"treatment of sewage waste, energy recovery",1
A_SE_INCI_no_recov,at,"treatment of sewage waste, incineration",1
A_SE_LAND,at,"treatment of sewage waste, landfill",1
A_SE_OTHE,at,"treatment of sewage waste, other disposal",1
A_ST_INCI,at,"treatment of steel waste, incineration",1
A_ST_INCI_no_recov,at,"treatment of steel waste, incineration no energy recovery",1
A_ST_LAND,at,"treatment of steel waste, landfill",1
A_ST_OTHE,at,"treatment of steel waste, other disposal",1
A_TE_INCI,at,"treatment of textil waste, energy recovery",1
A_TE_INCI_no_recov,at,"treatment of textil waste, incineration",1
A_TE_LAND,at,"treatment of textil waste, landfill",1
A_TE_OTHE,at,"treatment of textil waste, other disposal",1
A_UN_INCI,at,"treatment of unsorted waste, energy recovery",1
A_UN_INCI_no_recov,at,"treatment of unsorted waste, incineration",1
A_UN_LAND,at,"treatment of unsorted waste, landfill",1
A_UN_OTHE,at,"treatment of unsorted waste, other disposal",1
A_WO_OTHE,at,"treatment of wood waste, other disposal",1
A_MANC,at,"treatment of manure (conventional), storage and land application",1
A_AL_INCI,at,energy recovering of aluminium,1
A_AL_LAND,at,landfilling of aluminium,1
A_GL_INCI,at,production of energy_recovery of glass service,1
A_GL_INCI_no_recov,at,production of incineration of glass service,1
A_GL_LAND,at,production of landfill of glass service,1
A_GL_OTHE,at,production of other_disposal of glass service,1
A_munic_non_renew_waste,at,"treatment of municipal waste, non renewable",1
A_munic_renew_waste,at,"treatment of municipal waste, renewable",1
A_BA_INCI,at,"treatment of battery and accumulator waste, energy recovery",1
A_BA_INCI_no_recov,at,"treatment of battery and accumulator waste, incineration",1
A_BA_LAND,at,"treatment of battery and accumulator waste, landfill",1
A_BA_OTHE,at,"treatment of battery and accumulator waste, other disposal",1
A_HA_INCI,at,"treatment of hazard waste, energy recovery",1
A_HA_INCI_no_recov,at,"treatment of hazard waste, incineration",1
A_HA_LAND,at,"treatment of hazard waste, landfill",1
A_HA_OTHE,at,"treatment of hazard waste, other disposal",1
A_AS_LAND,at,landfilling of ash,1
A_HA_RECY,at,"treatment of hazard waste, recycling",1
A_BA_RECY,at,"treatment of battery and accumulator waste, recycling",1
A_DE_RECY,at,"treatment of discarded equipment waste, recycling",1
A_FO_RECY,at,"treatment of food waste, recycling",1
A_COPW,at,"treatment of copper waste, recycling",1
A_CONW,at,"treatment of construction waste, recycling",1
A_DV_RECY,at,"treatment of discarded vehicle waste, recycling",1
A_MA_RECY,at,"treatment of manure, recycling",1
A_LZTW,at,"treatment of lead, zinc and tin waste, recycling",1
A_MNF_RECY,at,"treatment of non-ferrous metal waste, recycling",1
A_PAPR,at,"treatment of paper waste, recycling",1
A_MM_RECY,at,"treatment of mixed metal waste, recycling",1
A_NF_RECY,at,"treatment of non-ferrous mixed metal waste, recycling",1
A_ONFW,at,"treatment of other non-ferrous metal waste, recycling",1
A_PREW,at,"treatment of precious metal waste, recycling",1
A_PLAW,at,"treatment of rubber and plastic waste, recycling",1
A_SE_RECY,at,"treatment of sewage waste, recycling",1
A_STEW,at,"treatment of steel waste, recycling",1
A_UN_RECY,at,"treatment of unsorted waste, recycling",1
A_TE_RECY,at,"treatment of textil waste, recycling",1
A_OMOTO,at,"treatment of other vehicle, recycling",1
A_ALUW,at,recycling of aluminium,1
A_ASHW,at,recycling of ash,1
A_GLAW,at,production of recycling of glass service,1
A_WOOW,at,production of recycling of wood services,1
A_RYMS,at,production of secondary raw materials,1
A_REMS,at,Remediation activities and other waste management services,1
A_serv_agri,at,Support activities for crop production,1
A_serv_oilgasprod,at,Support activities for petroleum and natural gas extraction,1
aa,,"auxiliary production activity, total",0
A_FLARE,aa,flaring of gas,1
A_VENT,aa,venting of gas,1
am,,"market activity, total",0
M_Wheat,am,market of Wheat,1
M_Germe,am,market of germ of maize,1
M_Germt,am,market of germ of wheat,1
M_Maizn,am,market of Maize (corn),1
M_Ricey,am,"market of Rice paddy, other (not husked)",1
M_Sorgm,am,market of Sorghum,1
M_Barly,am,market of barley,1
M_Barld,am,"market of barley, pearled",1
M_Barlt,am,market of pot barley,1
M_Ryee,am,market of Rye,1
M_Oatss,am,"market of Oats, seed",1
M_Oatsd,am,"market of Oats, other",1
M_Millt,am,market of Millet,1
M_Trite,am,market of Triticale,1
M_Buckt,am,market of Buckwheat,1
M_Fonio,am,market of Fonio,1
M_Quina,am,market of Quinoa,1
M_Canad,am,market of Canary seed,1
M_Ceres,am,market of Other cereals n.e.c.,1
M_Graid,am,market of mixed grain,1
M_Aspas,am,market of Asparagus,1
M_Cabbs,am,market of Cabbages,1
M_Cauli,am,market of Cauliflowers and broccoli,1
M_Letty,am,market of Lettuce and chicory,1
M_Spinh,am,market of Spinach,1
M_Artis,am,market of Artichokes,1
M_Casss,am,market of Cassava leaves,1
M_Wates,am,market of Watermelons,1
M_Melon,am,market of Cantaloupes and other melons,1
M_Chiln,am,"market of Chillies and peppers, green (Capsicum spp. and Pimenta spp.)",1
M_Cucus,am,market of Cucumbers and gherkins,1
M_Eggpl,am,market of Eggplants (aubergines),1
M_Tomas,am,market of Tomatoes,1
M_Pumps,am,"market of Pumpkins, squash and gourds",1
M_Okraa,am,market of okra,1
M_Beann,am,"market of Beans, green",1
M_Stris,am,market of string bean,1
M_Peasn,am,"market of Peas, green",1
M_Vegleg_nes,am,"market of Broad beans and horse beans, green",1
M_Carrs,am,market of Carrots and turnips,1
M_Garlc,am,market of Green garlic,1
M_Onioy,am,"market of onion, dry",1
M_Onion,am,"market of onion, shallots (green)",1
M_Leeks,am,market of Leeks and other alliaceous vegetables,1
M_Roots,am,"market of Other root, bulb and tuberous vegetables, n.e.c.",1
M_Mushs,am,market of Mushrooms and truffles,1
M_oVege_fresh,am,"market of Vegetables, fresh, n.e.c.",1
M_Avocs,am,market of Avocados,1
M_Banas,am,market of Bananas,1
M_Plans,am,market of Plantains and cooking bananas,1
M_Dates,am,market of Dates,1
M_Figss,am,market of Figs,1
M_Mangs,am,"market of Mangoes, guavas and mangosteens",1
M_Papas,am,market of Papayas,1
M_Pines,am,market of Pineapples,1
M_frtrop_nes,am,"market of Other tropical and subtropical fruits, n.e.c.",1
M_Grapf,am,market of Pomelos and grapefruits,1
M_Lemos,am,market of Lemons and limes,1
M_Orans,am,market of Oranges,1
M_Tmand,am,"market of Tangerines, mandarins, clementines",1
M_oFru_cit,am,"market of Other citrus fruit, n.e.c.",1
M_Graps,am,market of Grapes,1
M_Appls,am,market of Apples,1
M_Pears,am,market of pear,1
M_Quins,am,market of quinc,1
M_Apris,am,market of Apricots,1
M_Chers,am,market of cherry,1
M_Cherr,am,market of sour cherry,1
M_Peacs,am,market of Peaches and nectarines,1
M_Plums,am,market of Plums and sloes,1
M_oFru_pom,am,market of pome fruit nes,1
M_oFru_ston,am,"market of stone fruit, fresh nes",1
M_Currs,am,market of Currants and gooseberries,1
M_Gooss,am,market of Gooseberries,1
M_Kiwi,am,market of Kiwi fruit,1
M_Rasps,am,"market of Raspberries, blackberries, mulberries and loganberries",1
M_Stras,am,market of Strawberries,1
M_Blues,am,market of blueberry,1
M_Crans,am,market of cranberry,1
M_Berrs,am,market of berry nes,1
M_Caros,am,market of Locust beans (carobs),1
M_Perss,am,market of persimmon,1
M_Cashe,am,market of cashewapple,1
M_oFru_fresh,am,"market of fruit, fresh nes",1
M_Almol,am,"market of Almonds, in shell",1
M_Cashl,am,"market of Cashew nuts, in shell",1
M_Chest,am,"market of Chestnuts, in shell",1
M_Hazel,am,"market of Hazelnuts, in shell",1
M_Pists,am,"market of Pistachios, in shell",1
M_Walnl,am,"market of Walnuts, in shell",1
M_Brazl,am,"market of Brazil nuts, in shell",1
M_Arecs,am,market of areca nut,1
M_Kola,am,market of kolanut,1
M_Nutss,am,market of nut nes,1
M_Soybs,am,market of Soya beans,1
M_Groul,am,"market of Groundnuts, in shell",1
M_Cottd,am,market of Cottonseed,1
M_Linsd,am,market of Linseed,1
M_Mustd,am,market of Mustard seed,1
M_Raped,am,market of Rape or colza seed,1
M_Sesad,am,market of Sesame seed,1
M_Sunfd,am,market of Sunflower seed,1
M_Saffd,am,market of Safflower seed,1
M_Poppd,am,market of Poppy seed,1
M_Melonse,am,market of melonseed,1
M_Hempd,am,market of hempseed,1
M_Oilss,am,market of oilseed nes,1
M_Castd,am,market of castor bean,1
M_Olivs,am,market of Olives,1
M_Cocon,am,"market of Coconuts, in shell",1
M_Copra,am,market of Copra,1
M_Kapot,am,market of kapok fruit,1
M_Tung_nuts,am,market of tung nut,1
M_Jojod,am,market of jojoba seed,1
M_Kari,am,market of karite nut (sheanut),1
M_Talld,am,market of tallowtree seed,1
M_Kapol,am,market of kapokseed in shell,1
M_Kapod,am,"market of kapokseed, shelled",1
M_Potas,am,market of Potatoes,1
M_Cassa,am,"market of Cassava, fresh",1
M_Cassd,am,"market of Cassava, dry",1
M_Swees,am,market of Sweet potatoes,1
M_Yams,am,market of Yams,1
M_Taro,am,market of Taro,1
M_Coffn,am,"market of Coffee, green",1
M_Teaa,am,market of Tea leaves,1
M_Mate,am,market of Mat√© leaves,1
M_Cocoa,am,market of Cocoa beans,1
M_Pepp,am,"market of Pepper (Piper spp.), raw",1
M_Nutms,am,"market of Nutmeg, mace, cardamoms, raw",1
M_Anisr,am,"market of Anise, badian, coriander, cumin, caraway, fennel and juniper berries, raw",1
M_Cinn,am,"market of Cinnamon and cinnamon-tree flowers, raw",1
M_Clovs,am,"market of Cloves (whole stems), raw",1
M_Gingr,am,"market of Ginger, raw",1
M_Vania,am,"market of Vanilla, raw",1
M_Hops,am,market of Hop cones,1
M_Chics,am,market of Chicory roots,1
M_Spics,am,"market of Other stimulant, spice and aromatic crops, n.e.c.",1
M_Beany,am,"market of Beans, dry",1
M_Broay,am,"market of Broad beans and horse beans, dry",1
M_Chick,am,"market of Chick peas, dry",1
M_Lents,am,"market of Lentils, dry",1
M_Peasy,am,"market of Peas, dry",1
M_Cowpea,am,"market of Cow peas, dry",1
M_Piges,am,"market of Pigeon peas, dry",1
M_Bambs,am,"market of Bambara beans, dry",1
M_Vetcs,am,market of Vetches,1
M_Lupis,am,market of Lupins,1
M_Pulss,am,market of Other pulses n.e.c,1
M_Sugat,am,market of Sugar beet,1
M_Sugae,am,market of Sugar cane,1
M_Sugacrs,am,market of Other sugar crops n.e.c.,1
M_Maize,am,market of Maize for forage and silage,1
M_Cer_prep,am,"market of Cereal straw, husks, unprepared, ground, pressed, or in the form of pellets",1
M_Flaxw,am,"market of Flax; raw or retted, but not spun",1
M_Hemp,am,"market of True hemp, raw or retted",1
M_Kapo_bre,am,"market of Kapok fibre, raw",1
M_Ramie,am,market of ramie,1
M_Sisal,am,market of sisal,1
M_Agavs,am,market of agave fibre nes,1
M_Manila,am,market of abaca manila hemp,1
M_Coirr,am,market of coir,1
M_oFibrs,am,"market of Other fibre crops, raw, n.e.c.",1
M_Peppt,am,"market of peppermint, spearmint",1
M_Pyred,am,"market of pyrethrum, dried flower",1
M_Rubber,am,"market of Natural rubber in primary forms or in plates, sheets or strip",1
M_Tobac,am,market of Unmanufactured tobacco,1
M_Catmeat,am,market of Cattle,1
M_Bufmeat,am,market of Buffalo,1
M_Shemeat,am,market of Sheep,1
M_Goameat,am,market of Goats,1
M_Pigmeat,am,market of Swine / pigs,1
M_Polmeat,am,market of Poultry,1
M_Catmilk,am,market of Raw milk of cattle,1
M_Bufmilk,am,market of Raw milk of buffalo,1
M_Shemilk,am,market of Raw milk of sheep,1
M_Coamilk,am,market of Raw milk of goats,1
M_Cammilk,am,market of Raw milk of camel,1
M_Eggsl,am,"market of Hen eggs in shell, fresh",1
M_Othanpr,am,market of Other animal products,1
M_Honel,am,market of Natural honey,1
M_Snaia,am,"market of Snails, fresh, chilled, frozen, dried, salted or in brine, except sea snails",1
M_Silk_ree,am,market of Silk-worm cocoons suitable for reeling,1
M_Silk_wool,am,"market of wool, silk-worm cocoon",1
M_Hide_cow,am,market of Raw hides and skins of cattle,1
M_Hide_buff,am,market of Raw hides and skins of buffaloes,1
M_Skin_she,am,market of Raw hides and skins of sheep or lambs,1
M_Skin_goat,am,market of Raw hides and skins of goats or kids,1
M_Beesx,am,market of Beeswax,1
M_FORE,am,market of Wood in the rough,1
M_FISH,am,market of Fish and other fishing products,1
M_ANTH,am,market of anthracite,1
M_OTBC,am,market of other bituminous coal,1
M_COKC,am,market of coking coal,1
M_PATF,am,market of Patent fuel and similar solid fuels manufactured from hard coal,1
M_LIBC,am,market of lignite/brown coal,1
M_SUBC,am,market of sub-bituminous coal,1
M_BKBP,am,market of Brown coal briquettes and similar solid fuels,1
M_PEAT,am,market of Peat,1
M_COIL,am,"market of Petroleum oils and oils obtained from bituminous minerals, crude",1
M_GASL,am,"market of Petroleum gases and other gaseous hydrocarbons; liquefied, natural gas",1
M_GASE,am,"market of Petroleum gases and other gaseous hydrocarbons; in gaseous state, natural gas",1
M_ORAN,am,market of Uranium and thorium ores and concentrates,1
M_IRON,am,"market of Iron ores and concentrates, other than roasted iron pyrites",1
M_COPO,am,"market of Copper, ores and concentrates",1
M_NIKO,am,market of Nickel ores and concentrates,1
M_ALUO,am,market of Aluminium ores and concentrates,1
M_PREO,am,market of Precious metal ores and concentrates,1
M_ONFO,am,market of Other non-ferrous metal ores and concentrates (other than uranium or thorium ores and concentrates),1
M_STON,am,market of Stone and gypsum,1
M_SDCL,am,market of sand and clay,1
M_CHMF,am,market of Chemical and fertilizer minerals,1
M_elec_POWO,am,"market of electricity by tide, wave, ocean",1
M_POWE,am,market of Electricity by solar thermal,1
M_MBFG,am,market of blast furnace gas,1
M_MOSG,am,market of oxygen steel furnace gas,1
M_MGWG,am,market of gas works gas,1
M_MBIO,am,market of biogas,1
M_OGPL,am,market of other hydrocarbons,1
M_HWAT,am,market of Steam and hot water,1
M_WATR,am,market of Natural water,1
M_Meat_beef,am,"market of Meat of cattle, fresh or chilled",1
M_Beef_led,am,"market of meat of cattle boneless, fresh or chilled",1
M_Beef_veal,am,"market of meat of cattle, boneless",1
M_Meat_buff,am,"market of Meat of buffalo, fresh or chilled",1
M_Meat_pig,am,"market of Meat of pigs, fresh or chilled",1
M_Pork_led,am,"market of meat of pig boneless, fresh or chilled",1
M_Pork_chilled,am,"market of meat of pig with the bone, fresh or chilled",1
M_Meat_rabb,am,"market of Meat of rabbits and hares, fresh or chilled",1
M_Meat_shee,am,"market of Meat of sheep, fresh or chilled",1
M_Meat_goat,am,"market of Meat of goat, fresh or chilled",1
M_Meat_ocAM,am,"market of Meat of camels and camelids, fresh or chilled",1
M_Meat_hors,am,market of horse meat,1
M_Meat_mule,am,market of meat of mules,1
M_Meat_ass,am,market of meat of asses,1
M_Meat_othe,am,market of meat of other domestic rodents,1
M_Meat_game,am,market of game meat,1
M_Meat_chic,am,"market of Meat of chickens, fresh or chilled",1
M_Meat_duck,am,"market of Meat of ducks, fresh or chilled",1
M_Meat_goos,am,"market of Meat of geese, fresh or chilled",1
M_Meat_turk,am,"market of Meat of turkeys, fresh or chilled",1
M_Offae_cow,am,"market of Edible offal of cattle, fresh, chilled or frozen",1
M_Offas_buff,am,"market of Edible offal of buffalo, fresh, chilled or frozen",1
M_Offae_pigs,am,"market of Edible offal of pigs, fresh, chilled or frozen",1
M_Offae_shee,am,"market of Edible offal of sheep, fresh, chilled or frozen",1
M_Offas_goat,am,"market of Edible offal of goat, fresh, chilled or frozen",1
M_Offas_hors,am,market of offal of horses,1
M_Offas_came,am,"market of offal of camels, edibles",1
M_Fat_live,am,market of fatty liver preparations,1
M_Offa_chick,am,market of offal and liver of chickens,1
M_Offa_duck,am,market of offal and liver of ducks,1
M_Offa_geese,am,market of offal and liver of geese,1
M_Offa_turkey,am,market of offal and liver of turkey,1
M_Pork_ham,am,"market of Pig meat, cuts, salted, dried or smoked (bacon and ham)",1
M_Beef_smoked,am,"market of bovine meat, salted, dried or smoked",1
M_Beef_ked,am,"market of beef and veal, dried, salted, smoked",1
M_Meat_drie,am,"market of Other meat and edible meat offal, salted, in brine, dried or smoked; edible flours and meals of meat or meat offal",1
M_Beef_ges,am,market of sausage of beef and veal,1
M_Pork_ges,am,market of sausage of pork,1
M_Pork_pig,am,market of sausage of other meat,1
M_Meat_extr,am,"market of Extracts and juices of meat, fish, crustaceans, molluscs or other aquatic invertebrates",1
M_Meat_prnes,am,market of Prepared dishes and meals based on meat,1
M_Pork_ons,am,market of Pig Meat Preparations,1
M_Meat_nes,am,"market of meat, prepared nes",1
M_Beef_ons,am,market of beef and veal preparations nes,1
M_Beef_nes,am,market of beef and veal preparations nes,1
M_Live_prep,am,market of liver preparation,1
M_FSHP,am,"market of Prepared and preserved fish, crustaceans, molluscs and other aquatic invertebrates",1
M_Fruprep,am,market of Prepared fruit products.,1
M_Potan,am,"market of Potatoes, frozen",1
M_Sween,am,"market of sweet corn, frozen",1
M_Juice_toma,am,market of Tomato juice,1
M_Juice_vege,am,market of Other vegetable juices,1
M_Mush_can,am,market of canned mushroom,1
M_Mush_dry,am,market of dried mushroom,1
M_Tomad,am,"market of tomato, peeled (o/t vinegar)",1
M_Sweed,am,"market of sweet corn, prepared or preserved",1
M_Tomae,am,market of paste of tomatoes,1
M_Raiss,am,market of Raisins,1
M_Plum,am,"market of Plums, dried",1
M_Figsd,am,"market of Fruit, edible; figs, fresh or dried",1
M_Apriy,am,"market of Fruit, edible; apricots, dried",1
M_Frudry,am,"market of fruit, dried nes",1
M_Grou_shld,am,"market of Groundnuts, shelled",1
M_Almod,am,"market of Almonds, shelled",1
M_Haze_shld,am,"market of Hazelnuts, shelled",1
M_Cashd,am,"market of Cashew nuts, shelled",1
M_Brazd,am,"market of brazil nut, shelled",1
M_Walnd,am,"market of walnut, shelled",1
M_Cocod,am,"market of coconut, desiccated",1
M_Juice_oran_con,am,"market of orange juice, concentrated",1
M_Juice_oran,am,market of juice of orange,1
M_Juice_grapfrt,am,market of juice of grapefruit,1
M_Juice_grapef,am,"market of grapefruit juice, concentrated",1
M_Juice_pine,am,market of juice of pineapples,1
M_Juice_pine_con,am,"market of juice of pineapples, concentrated",1
M_Juice_grapes,am,market of Grape juice,1
M_Juice_appl,am,market of apple juice,1
M_Juice_appl_con,am,"market of apple juice, concentrated",1
M_Juice_lemo_con,am,"market of lemon juice, concentrated",1
M_Juice_lemo,am,market of juice of lemon,1
M_Juice_mang,am,market of juice of mango,1
M_Juice_frui,am,market of juice of fruits nes,1
M_Juice_tang,am,"market of juice of tangerine, mandarin and clementin",1
M_Pined,am,"market of pineapple, canned",1
M_Peanr,am,market of peanut butter,1
M_Grou_prep,am,"market of Nuts, groundnuts and other seeds, roasted, salted or otherwise prepared n.e.c.",1
M_Nuts,am,"market of Other prepared and preserved fruits and nuts, n.e.c.",1
M_Fat_nes,am,market of Animal fats,1
M_Fat_pig,am,"market of Fats, of pig and poultry, unrendered",1
M_Fat_cow,am,"market of Cattle fat, unrendered",1
M_Fat_buff,am,"market of Buffalo fat, unrendered",1
M_Fat_sheep,am,"market of Sheep fat, unrendered",1
M_Fat_goat,am,"market of Goat fat, unrendered",1
M_Fat_poul,am,market of fat of poultry,1
M_Fat_othe,am,market of fat of other camelids,1
M_Fat_cam,am,market of fat of camels,1
M_Lard,am,market of lard,1
M_Fat_poul_ren,am,"market of Poultry fat, rendered",1
M_Tallw,am,market of Tallow,1
M_Lardl,am,market of lard stearine and lard oil,1
M_Oils_nes,am,market of animal oil and fats nes,1
M_Oil_hydr,am,"market of Animal fats and their fractions, partly or wholly hydrogenated, inter-esterified, re-esterified or elaidinised, whether or not refined, but not further prepared",1
M_Oil_soyb,am,market of Soya bean oil,1
M_Oil_grou,am,market of Groundnut oil,1
M_Oil_saff,am,market of oil of safflower seed,1
M_Oil_sunf,am,market of oil of sunflower seed,1
M_Oil_rape,am,market of oil of rapeseed or canola oil,1
M_Oil_must,am,market of oil of mustard seed,1
M_Oil_palm,am,market of Palm oil,1
M_Oil_coco,am,market of Coconut oil,1
M_Oil_olive,am,"market of Olive oil, crude",1
M_Oil_olivres,am,market of Oil of olive residues,1
M_Oil_cott,am,market of Cottonseed oil,1
M_Oil_pal_ker,am,market of oil of palm kernel,1
M_Oil_lins,am,market of oil of linseed,1
M_Oil_maiz,am,market of oil of maize,1
M_Oil_sesa,am,market of oil of sesame seed,1
M_Oil_tung,am,market of oil of tung nuts,1
M_Oil_hemp,am,market of oil of hempseed,1
M_Oil_kapo,am,market of oil of kapok,1
M_Oil_popp,am,market of oil of poppy seed,1
M_Oil_rice,am,market of oil of rice bran,1
M_palm,am,market of oil palm fruit,1
M_vOil_nes,am,market of oil of vegetable origin nes,1
M_cOil_beans,am,market of oil of castor beans,1
M_Vegew,am,market of vegetable tallow,1
M_Butts,am,market of butter of karite nuts,1
M_Margd,am,market of liquid margarine,1
M_Margt,am,market of margarine and shortening,1
M_Cotton,am,market of Cotton linters,1
M_Ckcopra,am,market of cake of copra,1
M_Ckcotton,am,market of cake of cottonseed,1
M_Ckgound,am,market of cake of groundnuts,1
M_Ckkapok,am,market of cake of kapok,1
M_Cklins,am,market of cake of linseed,1
M_Ckmaize,am,market of cake of maize,1
M_Ckmust,am,market of cake of mustard seed,1
M_Ckpalm,am,market of cake of palm kernel,1
M_Ckrapes,am,market of cake of rapeseed,1
M_Ckriceb,am,market of cake of rice bran,1
M_Cksaffl,am,market of cake of safflower seed,1
M_Cksesam,am,market of cake of sesame seed,1
M_Cksoyb,am,market of cake of soybeans,1
M_Cksunf,am,market of cake of sunflower seed,1
M_Fat_sub,am,market of Degras; residues resulting from the treatment of fatty substances or animal or vegetable waxes,1
M_Creah,am,"market of Cream, fresh",1
M_Wheyh,am,market of Whey,1
M_Whey_con,am,"market of whey, condensed",1
M_Milk_skim_buff,am,market of skim milk of buffalo,1
M_Milk_skim_cow,am,market of skim milk of cows,1
M_Milk_skim_she,am,market of skim sheep milk,1
M_Milk_skim_dried,am,market of dry skim cow milk,1
M_Whey_dry,am,market of dry whey,1
M_Milk_dry,am,market of dry buttermilk,1
M_Buttk,am,"market of buttermilk, curdled milk, acidified milk",1
M_Yoght,am,market of yoghurt,1
M_Butt_cow,am,market of butter of cow milk,1
M_Ghee_cow,am,market of ghee from cow milk,1
M_Butt_buff,am,market of butter of buffalo milk,1
M_Ghee_buff,am,"market of ghee, from buffalo milk",1
M_Butt_sheep,am,market of butter and ghee of sheep milk,1
M_Butt_goat,am,market of butter of goat milk,1
M_Chee_cow_sk,am,market of cheese from skimmed cow milk,1
M_Chee_cow_wh,am,market of cheese from whole cow milk,1
M_Wheye,am,market of whey cheese,1
M_Chee_buff,am,"market of Cheese from milk of buffalo, fresh or processed",1
M_Chee_sheep,am,"market of Cheese from milk of sheep, fresh or processed",1
M_Chee_goat,am,"market of Cheese from milk of goats, fresh or processed",1
M_Chee_proc,am,"market of Cheese, fresh or processed, n.e.c.",1
M_Casen,am,market of Casein,1
M_Milk_prod,am,market of Dairy products n.e.c.,1
M_Flour_whea,am,market of Wheat and meslin flour,1
M_Flour_rye,am,market of flour of rye,1
M_Flour_sorg,am,market of flour of sorghum,1
M_Flour_buck,am,market of flour of buckwheat,1
M_Flour_foni,am,market of flour of fonio,1
M_Flour_barl,am,market of barley flour and grit,1
M_Flour_trit,am,market of flour of triticale,1
M_Flour_mixe,am,market of flour of mixed grain,1
M_Cer_brkf,am,market of Other cereal grain products (including corn flakes),1
M_Rice_milhusk,am,"market of Rice, semi- or wholly milled, or husked",1
M_Rice_mill,am,"market of rice, milled",1
M_Rice_brok,am,"market of rice, broken",1
M_Rice_husk,am,market of Husked rice,1
M_Flour_frui,am,market of flour of fruits,1
M_Flour_maiz,am,market of flour of maize,1
M_Flour_mill,am,market of flour of millet,1
M_Flour_must,am,market of flour of mustard seed,1
M_Flour_pota,am,market of flour of potatoes,1
M_Flour_puls,am,market of flour of pulses,1
M_Flour_rice,am,market of flour of rice,1
M_Flour_root,am,market of flour of roots and tubers nes,1
M_Flour_cass,am,market of flour of cassava,1
M_Mixes,am,market of Mixes and doughs for the preparation of bakers' wares,1
M_Frucr,am,market of other fructose and syrup,1
M_Lacte,am,market of lactose,1
M_Isoge,am,market of isoglucose,1
M_Sugarn,am,market of sugar and syrups nes,1
M_Gluce,am,market of glucose and dextrose,1
M_Gluten_mais,am,market of maize gluten,1
M_Gluten_wht,am,market of wheat gluten,1
M_Starch_cass,am,market of starch of cassava,1
M_Starch_maiz,am,market of starch of maize,1
M_Starch_pota,am,market of starch of potatoes,1
M_Starch_rice,am,market of starch of rice,1
M_Starch_whea,am,market of starch of wheat,1
M_Tapia,am,market of tapioca of cassava,1
M_Tapis,am,market of tapioca of potatoes,1
M_feed_energy,am,market of Animal energy feed,1
M_feed_protein,am,market of Anomal protein feed,1
M_Wafes,am,market of wafers,1
M_Pasty,am,market of Pastry goods and cakes,1
M_Bread,am,market of Bread and other bakers' wares,1
M_Sugar_nc,am,"market of sugar, non-centrifugal",1
M_Sugar_rc,am,"market of sugar, raw centrifugal",1
M_Molas,am,market of Molasses,1
M_Coco_pas,am,"market of Cocoa paste, whether or not defatted",1
M_Coco_but,am,"market of Cocoa butter, fat and oil",1
M_Coco_pow,am,market of cocoa powder and cake,1
M_Chocs,am,market of Chocolate Products nes,1
M_Macai,am,"market of Uncooked pasta, not stuffed or otherwise prepared",1
M_Coffe_roas,am,"market of Coffee, decaffeinated or roasted",1
M_Coff_ext,am,market of coffee extract,1
M_Coff_sub,am,market of coffee substitutes,1
M_Chily,am,"market of Chillies and peppers, dry (capsicum spp., pimenta), processed",1
M_Flour_nes,am,market of Other food products,1
M_Soyate,am,market of soya paste,1
M_Soyace,am,market of soya sauce,1
M_Meat_homo,am,"market of Meat preparations; homogenised preparations of meat, meat offal blood or insects",1
M_Vegeh,am,"market of Homogenised vegetables, prepared or preserved otherwise than by vinegar or acetic acid, not frozen",1
M_Fruhom,am,"market of Jams, fruit jellies, marmalades, fruit or nut puree and fruit or nut pastes; homogenised, cooked preparations",1
M_Soyard,am,market of soya curd,1
M_Malt_ext,am,market of malt extract,1
M_Bev_dstl,am,"market of beverage, distilled alcoholic",1
M_Wine,am,market of Sparkling wine of fresh grapes,1
M_Grapt,am,"market of Wine of fresh grapes,except sparkling wine",1
M_Cider,am,"market of Cider, perry, mead and other fermented beverages, except wine of fresh grapes and beer made from malt",1
M_Bev_ferm,am,market of rice-fermented beverage,1
M_Beer_barl,am,market of beer of barley,1
M_Beer_millet,am,market of beer of maize,1
M_Beer_maiz,am,market of beer of millet,1
M_Beer_sorg,am,market of beer of sorghum,1
M_Maltt,am,"market of Malt, whether or not roasted",1
M_bot_water,am,market of Soft drinks; bottled mineral waters,1
M_TOBC,am,market of Tobacco products,1
M_Silkw,am,market of Raw silk (not thrown),1
M_FIBR,am,market of Plant-based fibers,1
M_Jute,am,"market of Jute and other textile bast fibres (except flax, true hemp and ramie), processed but not spun; tow and waste of these fibres",1
M_Bastr,am,"market of Yarn of vegetable textile fibres other than cotton (including flax, jute, coir and true hemp); paper yarn",1
M_TEXT,am,market of Textile articles other than apparel,1
M_GARM,am,market of Knitted or crocheted fabrics; wearing apparel,1
M_LETH,am,market of Leather and leather products; footwear,1
M_WOOD,am,"market of Products of wood, cork, straw and plaiting materials",1
M_PULP,am,market of Pulps of wood or other fibrous cellulosic material,1
M_PAPE,am,market of paper and paper product,1
M_SHEET_PA,am,market of paper sheet,1
M_SHEET_PAAL,am,"market of paper sheet, with aluminium foil",1
M_SHEET_PAPL,am,market of mixed paper and plastic sheet,1
M_CARDB,am,"market of Cartons, boxes, cases, record sleeves and other packing containers (except bags) of paper, paperboard, cellulose wadding or webs of cellulose fibres; box files, letter trays, and similar articles, of paper or paperboard of a kind used in offices, shops or the like",1
M_MDIA,am,market of printed matter and recorded media,1
M_COKE,am,"market of Coke and semi-coke of coal, of lignite or of peat; retort carbon",1
M_COTA,am,"market of Tar distilled from coal, from lignite or from peat, and other mineral tars",1
M_MGSL,am,market of Motor gasoline,1
M_AGSL,am,market of Aviation gasoline,1
M_BIOG,am,market of biogasoline,1
M_GJET,am,market of Gasolene-type jet fuel,1
M_NAPT,am,market of Naphtha,1
M_KJET,am,market of Kerosene-type jet fuel,1
M_KERO,am,market of Other kerosene,1
M_WHSP,am,market of White spirit and special boiling point industrial spirits,1
M_DOIL,am,market of Gas oil,1
M_REFF,am,market of refinery feedstock,1
M_FOIL,am,market of heavy fuel oil,1
M_LUBR,am,market of Lubricants,1
M_COOG,am,market of coke oven gas,1
M_GCOK,am,market of gas coke,1
M_LPGA,am,market of liquefied petroleum gas (lpg),1
M_RGAS,am,market of refinery gas,1
M_ETHA,am,market of ethane,1
M_BITU,am,market of bitumen,1
M_PETC,am,market of petroleum coke,1
M_PARW,am,market of paraffin waxes,1
M_NSPP,am,market of non-specified petroleum product,1
M_NUCF,am,"market of Fuel elements (cartridges), for or of nuclear reactors",1
M_CHEM,am,market of Chemicals,1
M_Fat_ac,am,market of Industrial monocarboxylic fatty acids; acid oils from refining,1
M_Alc_food,am,"market of Alcohols, phenols, phenol-alcohols, and their halogenated, sulphonated, nitrated or nitrosated derivatives; industrial fatty alcohols",1
M_CHAR,am,market of Wood charcoal,1
M_N_urea,am,market of Urea,1
M_N_AmmSol,am,market of Ammonium sulphate,1
M_N_AmmNit,am,market of Ammonium nitrate,1
M_N_CaAmNit,am,market of Mixtures of ammonium nitrate with calcium carbonate or other inorganic non-fertilizing substances,1
M_N_solution,am,market of Mixtures of urea and ammonium nitrate in aqueous or ammoniacal solution,1
M_Nfer_BIOF,am,market of nitrogen nutrient from  biogasification of food,1
M_Nfer_BIOP,am,market of nitrogen nutrient from biogasification of paper,1
M_Nfer_BIOS,am,market of nitrogen nutrient from biogasification of sewage,1
M_Nfer_MANC,am,market of nitrogen nutrient from biogasification of manure,1
M_Pfert,am,"market of Mineral or chemical fertilizers, phosphatic",1
M_PfertMANC,am,market of P fert from manure treat conventional,1
M_PfertBIOF,am,market of P fert from BIOF,1
M_PfertBIOP,am,market of P fert from BIOP,1
M_PfertBIOS,am,market of P fert from BIOs,1
M_PfertCOMF,am,market of P fert from COMF,1
M_PfertCOMW,am,market of P fert from COMW,1
M_Kfert,am,"market of Mineral or chemical fertilizers, potassic",1
M_NP_fert,am,market of Fertilizers containing two nutrients: nitrogen and phosphorus,1
M_PK_fert,am,market of Fertilizers containing two nutrients: phosphorus and potassium,1
M_NK_fert,am,market of other nk compound,1
M_NPK,am,market of npk fertilizer,1
M_MANC,am,market of manure (conventional treatment),1
M_Pfert_BIOF,am,market of Phosphatic fertilizers from biogasification of food,1
M_Pfert_BIOP,am,market of Phosphatic fertilizers from biogasification of paper,1
M_Pfert_BIOS,am,market of Phosphatic fertilizers from biogasification of sewage,1
M_Pfert_MANC,am,market of Phosphatic fertilizers from biogasification of manure,1
M_PLAS,am,market of Plastics in primary forms,1
M_ADDC,am,"market of Lubricating preparations and preparations of a kind used for the oil or grease treatment of materials, except of petroleum; prepared additives for mineral oils; prepared liquids for hydraulic transmission, except of petroleum; anti-freezing preparations and prepared de-icing fluids",1
M_BIOD,am,market of Biodiesel,1
M_OBIO,am,market of other liquid biofuel,1
M_RUBP,am,market of Rubber and plastics products,1
M_SHEET_PAPLAL,am,"market of mixed paper, plastic and aluminium sheet",1
M_TETRA_PPA,am,"market of tetrabrik (paper, plastic and aluminium)",1
M_TETRA_PP,am,market of tetrabrik (paper and plastic),1
M_BAG_PLA,am,market of plastic bags,1
M_PACK_OPLA,am,market of other plastic packaging,1
M_TRAY_PET,am,market of PET tray in cardboard sleeve,1
M_BOTL_PLA,am,market of other plastic bottle,1
M_BOTL_PET,am,market of PET bottlle,1
M_SHEET_PLAL,am,market of mixed plastic and aluminium sheet,1
M_FOIL_PLA,am,market of plastic foil,1
M_GLAS,am,market of Glass and glass products,1
M_CONTAI_GLS,am,"market of small container, glass",1
M_JAR_GLS,am,"market of small jar, glass",1
M_BOTL_GLM,am,"market of bottle 0.75l, glass",1
M_BOTL_GLS,am,"market of bottle 0.33l, glass",1
M_CRMC,am,market of Non-structural ceramic ware,1
M_CMNT,am,"market of Plaster, lime and cement",1
M_BRIK,am,"market of Tiles, flagstones, bricks and similar articles, of cement, concrete or artificial stone",1
M_ONMM,am,market of Other non-metallic mineral products n.e.c.,1
M_FURN,am,market of Furniture; other transportable goods n.e.c.,1
M_Bran_bar,am,market of bran of barley,1
M_Bran_buc,am,market of bran of buckwheat,1
M_Bran_cer,am,market of bran of cereals nes,1
M_Bran_fon,am,market of bran of fonio,1
M_Bran_mai,am,market of bran of maize,1
M_Bran_mil,am,market of bran of millet,1
M_Bran_mix,am,market of bran of mixed grain,1
M_Bran_oat,am,market of bran of oats,1
M_Bran_pul,am,market of bran of pulses,1
M_Bran_ric,am,market of bran of rice,1
M_Bran_rye,am,market of bran of rye,1
M_Bran_sor,am,market of bran of sorghum,1
M_Bran_tri,am,market of bran of triticale,1
M_Bran_whe,am,market of bran of wheat,1
M_feed_beer,am,market of Animal feed; by-product from beer production,1
M_feed_dist,am,market of Animal feed; by-product from distilled beverage production,1
M_feed_wine,am,market of Animal feed; by-product from wine production,1
M_Gluten_rice,am,"market of rice, gluten",1
M_Feedn,am,market of gluten feed and meal,1
M_Mangp,am,market of mango pulp,1
M_Coco_husk,am,"market of Cocoa shells, husks, skins and other cocoa waste; coffee husks and skins",1
M_RYMS,am,market of secondary raw material,1
M_STEL,am,market of Basic iron and steel,1
M_PREM,am,market of Basic precious metals and metals clad with precious metals,1
M_LZTO,am,"market of Lead, zinc and tin, unwrought",1
M_COPP,am,market of Semi-finished products of copper or copper alloys,1
M_ALUM,am,market of Semi-finished products of aluminium or aluminium alloys,1
M_FOIL_AL,am,market of aluminium foil,1
M_LZTP,am,"market of Semi-finished products of lead, zinc and tin or their alloys",1
M_ONFM,am,market of Other non-ferrous metals and articles thereof (including waste and scrap of some metals); cermets and articles thereof,1
M_FABM,am,"market of Fabricated metal products, except machinery and equipment",1
M_CAN_STEL,am,"market of steel can, food",1
M_CAN_ALF,am,"market of aluminium can, food",1
M_CAN_ALD,am,"market of aluminium can, drink",1
M_MACH,am,market of Machinery and equipment n.e.c. (29),1
M_OFMA,am,"market of Office, accounting and computing machinery",1
M_ELMA,am,market of Electrical machinery and apparatus,1
M_RATV,am,"market of Radio, television and communication equipment and apparatus",1
M_MEIN,am,"market of Medical appliances, precision and optical instruments, watches and clocks",1
M_ELEC,am,market of electricity,1
M_truck,am,market of Road tractors for semi-trailers,1
M_bus,am,market of Public-transport type passenger motor vehicles,1
M_auto,am,"market of Motor cars and other motor vehicles principally designed for the transport of persons (except public-transport type vehicles, vehicles specially designed for travelling on snow, and golf cars and similar vehicles)",1
M_MOTO,am,market of Motor vehicles n.e.c. for the transport of goods,1
M_OTRE,am,market of Other transport equipment and parts thereof,1
M_CONS,am,market of Constructions,1
M_METC,am,market of Construction services,1
M_TDWH,am,market of Wholesale trade services,1
M_TDRT,am,market of Retail trade services,1
M_TDFU,am,"market of Non-specialized store retail trade services, of solid, liquid and gaseous fuels and related products",1
M_MARE,am,"market of Retail trade services on a fee or contract basis, of office machinery and equipment including office furniture",1
M_HORE,am,"market of Accommodation, food and beverage services",1
M_TLND,am,market of operating of other land transportation services,1
M_TWAI,am,market of inland water transportation service,1
M_TWAS,am,market of sea and coastal water transportation service,1
M_TRAI,am,market of railway transportation service,1
M_TPIP,am,market of Transport services via pipeline,1
M_TAIR,am,market of air transport service,1
M_TAUX,am,market of supporting and auxiliary transport service; travel agency service,1
M_PTEL,am,market of Postal and courier services,1
M_GASD,am,market of Gas distribution through mains (on own account),1
M_FINT,am,"market of Financial services, except investment banking, insurance services and pension services",1
M_FINS,am,"market of Insurance and pension services (excluding reinsurance services), except compulsory social security services",1
M_FAUX,am,market of Services auxiliary to financial services other than to insurance and pensions,1
M_REAL,am,market of Real estate services,1
M_RESD,am,market of Research and development services,1
M_OBUS,am,"market of Other professional, technical and business services",1
M_COMP,am,"market of Telecommunications, broadcasting and information supply services",1
M_POWT,am,market of Electricity transmission services (on a fee or contract basis),1
M_POWD,am,market of Electricity distribution services (on a fee or contract basis),1
M_TDMO,am,market of Maintenance and repair of transport machinery and equipment,1
M_PADF,am,market of Public administration and other services provided to the community as a whole; compulsory social security services,1
M_EDUC,am,market of Education services,1
M_HEAL,am,market of Human health and social care services,1
M_GLAS_reuse,am,market of collecting glass bottles,1
M_ORGA,am,market of Services of membership organizations,1
M_RECR,am,"market of Recreational, cultural and sporting services",1
M_OSER,am,market of Other services,1
M_SE_wwater,am,market of sewage waste water,1
M_AL_INCI,am,"market of treating aluminium waste, incineration with energy recovery",1
M_AL_LAND,am,"market of treating aluminium waste, landfill ",1
M_ALUW,am,"market of treating aluminium waste, recycling",1
M_AS_LAND,am,"market of treating ash, landfil",1
M_ASHW,am,"market of treating ash, recycling",1
M_BA_INCI,am,"market of treating batteries and accumulators waste, incineration with energy recovery",1
M_BA_INCI_no_recov,am,"market of treating batteries and accumulators waste, incineration",1
M_BA_LAND,am,"market of treating batteries and accumulators waste, landfill",1
M_BA_RECY,am,"market of treating batteries and accumulators waste, recycling",1
M_BIOF,am,"market of treating food waste, biogasification and land application",1
M_BIOP,am,"market of treating paper waste, biogasification and land application",1
M_BIOS,am,"market of treating sewage sludge, biogasification and land application",1
M_CO_INCI,am,"market of treating construction waste, incineration with energy recovery",1
M_CO_INCI_no_recov,am,"market of treating construction waste, incineration",1
M_CO_LAND,am,"market of treating construction waste, landfill",1
M_CO_OTHE,am,"market of treating construction waste, other disposal",1
M_CONW,am,"market of treating construction waste, recycling",1
M_COPW,am,"market of treating copper waste, recycling",1
M_CU_INCI,am,"market of treating copper waste, incineration with energy recovery",1
M_CU_LAND,am,"market of treating copper waste, landfill",1
M_DE_INCI,am,"market of treating discarded equipment, incineration with energy recovery",1
M_DE_INCI_no_recov,am,"market of treating discarded equipment, incineration",1
M_DE_LAND,am,"market of treating discarded equipment, landfill",1
M_DE_OTHE,am,"market of treating discarded equipment, other disposal",1
M_DE_RECY,am,"market of treating discarded equipment, recycling",1
M_DV_INCI,am,"market of treating discarded vehicle, incineration with energy recovery",1
M_DV_LAND,am,"market of treating discarded vehicle, landfill",1
M_DV_RECY,am,"market of treating discarded vehicle, recycling",1
M_FO_OTHE,am,"market of treating food waste, other disposal",1
M_FO_RECY,am,"market of treating food waste, recycling",1
M_FOOD_w_water,am,"market of treating food waste, waste water treatment",1
M_GL_INCI,am,"market of treating glass waste, incineration with energy recovery",1
M_GL_INCI_no_recov,am,"market of treating glass waste, incineration",1
M_GL_LAND,am,"market of treating glass waste, landfill",1
M_GLAW,am,"market of treating glass waste, recycling",1
M_HA_INCI,am,"market of treating hazardous waste, incineration with energy recovery",1
M_HA_INCI_no_recov,am,"market of treating hazardous waste, incineration",1
M_HA_LAND,am,"market of treating hazardous waste, landfill",1
M_HA_OTHE,am,"market of treating hazardous waste, other disposal",1
M_HA_RECY,am,"market of treating hazardous waste, recycling",1
M_INCF,am,"market of treating food waste, incineration with energy recovery",1
M_INCF_no_recov,am,"market of treating food waste, incineration",1
M_INCL,am,"market of treating plastic and rubber waste, incineration with energy recovery",1
M_INCL_no_recov,am,"market of treating plastic and rubber waste, incineration",1
M_INCP,am,"market of treating paper waste, incineration with energy recovery",1
M_INCP_no_recov,am,"market of treating paper waste, incineration",1
M_INCW,am,"market of treating wood waste, incineration with energy recovery",1
M_INCW_no_recovery,am,"market of treating wood waste, incineration",1
M_LANF,am,"market of treating food waste, landfill",1
M_LANL,am,"market of treating plastic and rubber waste, landfill",1
M_LANP,am,"market of treating paper waste, landfill",1
M_LANW,am,"market of treating wood waste, landfill",1
M_LZT_INCI,am,"market of treating lead, zinc and tin waste, incineration with energy recovery",1
M_LZT_LAND,am,"market of treating lead, zinc and tin waste, landfill",1
M_LZTW,am,"market of treating lead, zinc and tin waste, recycling",1
M_MA_INCI,am,"market of treating manure, incineration with energy recovery",1
M_MA_INCI_no_recov,am,"market of treating manure, incineration",1
M_MA_LAND,am,"market of treating manure, landfill",1
M_MA_OTHE,am,"market of treating manure, other disposal",1
M_MA_RECY,am,"market of treating manure, recycling",1
M_MM_INCI,am,"market of treating mix metals waste, incineration with energy recovery",1
M_MM_INCI_no_recov,am,"market of treating mix metals waste, incineration",1
M_MM_LAND,am,"market of treating mix metals waste, landfill",1
M_MM_OTHE,am,"market of treating mix metals waste, other disposal",1
M_MM_RECY,am,"market of treating mix metals waste, recycling",1
M_MNF_INCI,am,"market of treating mix non-ferrous metal waste, incineration with energy recovery",1
M_MNF_INCI_no_recov,am,"market of treating mix non-ferrous metal waste, incineration",1
M_MNF_LAND,am,"market of treating mix non-ferrous metal waste, landfill",1
M_MNF_OTHE,am,"market of treating mix non-ferrous metal waste, other disposal",1
M_MNF_RECY,am,"market of treating mix non-ferrous metal waste, recycling",1
M_ONF_INCI,am,"market of treating other non-ferrous metal waste, incineration with energy recovery",1
M_ONF_LAND,am,"market of treating other non-ferrous metal waste, landfill",1
M_ONFW,am,"market of treating other non-ferrous metal waste, incineration with energy recovery, recycling",1
M_PA_OTHE,am,"market of treating paper, other disposal",1
M_PAPR,am,"market of treating paper waste, recycling",1
M_PL_OTHE,am,"market of treating plastic and rubber waste, other disposal",1
M_PLAW,am,"market of treating plastic and rubber waste, recycling",1
M_PM_INCI,am,"market of treating precious metal waste, incineration with energy recovery",1
M_PM_LAND,am,"market of treating precious metal waste, landfill",1
M_PREW,am,"market of treating precious metal waste, recycling",1
M_SE_INCI,am,"market of treating sewage, incineration with energy recovery",1
M_SE_INCI_no_recov,am,"market of treating sewage, incineration",1
M_SE_LAND,am,"market of treating sewage, landfill",1
M_SE_OTHE,am,"market of treating sewage, other disposal",1
M_SE_RECY,am,"market of treating sewage, recycling",1
M_SE_biog,am,"market of treating sewage, biogasification and land application",1
M_ST_INCI,am,"market of treating steel waste, incineration with energy recovery",1
M_ST_INCI_no_recov,am,"market of treating steel waste, incineration",1
M_ST_LAND,am,"market of treating steel waste, landfill",1
M_ST_OTHE,am,"market of treating steel waste, other disposal",1
M_STEW,am,"market of treating steel waste, recycling",1
M_TE_INCI,am,"market of treating textile waste, incineration with energy recovery",1
M_TE_INCI_no_recov,am,"market of treating textile waste, incineration",1
M_TE_LAND,am,"market of treating textile waste, landfill",1
M_TE_RECY,am,"market of treating textile waste, recycling",1
M_UN_INCI,am,"market of treating unsorted waste, incineration with energy recovery",1
M_UN_INCI_no_recov,am,"market of treating unsorted waste, incineration",1
M_UN_LAND,am,"market of treating unsorted waste, landfill",1
M_UN_OTHE,am,"market of treating unsorted waste, other disposal",1
M_UN_RECY,am,"market of treating unsorted waste, recycling",1
M_WO_OTHE,am,"market of treating wood waste, other disposal",1
M_WOOW,am,"market of treating wood waste, recycling",1
M_EXTO,am,market of Extra-territorial services,1
M_PRHH,am,market of private households with employed persons,1
aa_comp,,combustion activity,0
EF_AGSL,aa_comp,"aviation gasoline, combustion of",1
EF_ANTH,aa_comp,"anthracite, combustion of",1
EF_BIOD,aa_comp,"biodiesels, combustion of",1
EF_BIOG,aa_comp,"biogasoline, combustion of",1
EF_BITU,aa_comp,"bitumen, combustion of",1
EF_BKBP,aa_comp,"brown coal/peat briquettes, combustion of",1
EF_CHAR,aa_comp,"charcoal, combustion of",1
EF_COIL,aa_comp,"crude petroleum and services related to crude oil extraction, excluding surveying, combustion of",1
EF_COKC,aa_comp,"coking coal, combustion of",1
EF_COKE,aa_comp,"coke oven coke, combustion of",1
EF_COOG,aa_comp,"coke oven gas, combustion of",1
EF_COTA,aa_comp,"coal tar, combustion of",1
EF_DOIL,aa_comp,"gas/diesel oil, combustion of",1
EF_ETHA,aa_comp,"ethane, combustion of",1
EF_FOIL,aa_comp,"heavy fuel oil, combustion of",1
EF_FORE,aa_comp,"products of forestry, logging and related services (02), combustion of",1
EF_GASE,aa_comp,"natural gas and services related to natural gas extraction, excluding surveying, combustion of",1
EF_GASL,aa_comp,"natural gas liquids, combustion of",1
EF_GCOK,aa_comp,"gas coke, combustion of",1
EF_GJET,aa_comp,"gasoline type jet fuel, combustion of",1
EF_KERO,aa_comp,"kerosene, combustion of",1
EF_KJET,aa_comp,"kerosene type jet fuel, combustion of",1
EF_LIBC,aa_comp,"lignite/brown coal, combustion of",1
EF_LPGA,aa_comp,"liquefied petroleum gases (lpg), combustion of",1
EF_LUBR,aa_comp,"lubricants, combustion of",1
EF_MBFG,aa_comp,"blast furnace gas, combustion of",1
EF_MBIO,aa_comp,"biogas, combustion of",1
EF_MGSL,aa_comp,"motor gasoline, combustion of",1
EF_MGWG,aa_comp,"gas works gas, combustion of",1
EF_MOSG,aa_comp,"oxygen steel furnace gas, combustion of",1
EF_NAPT,aa_comp,"naphtha, combustion of",1
EF_NSPP,aa_comp,"non-specified petroleum products, combustion of",1
EF_OTBC,aa_comp,"other bituminous coal, combustion of",1
EF_PARW,aa_comp,"paraffin waxes, combustion of",1
EF_PATF,aa_comp,"patent fuel, combustion of",1
EF_PEAT,aa_comp,"peat, combustion of",1
EF_PETC,aa_comp,"petroleum coke, combustion of",1
EF_RGAS,aa_comp,"refinery gas, combustion of",1
EF_SUBC,aa_comp,"sub-bituminous coal, combustion of",1
EF_WHSP,aa_comp,"white spirit & sbp, combustion of",1
EF_WOOD,aa_comp,"wood, combustion of",1
aa_land,,land transformation activity,0
grassland_to_pasture,aa_land,"land transformation, grassland to pasture",1
intensification_of_cropland,aa_land,"land transformation, intensification of cropland",1
intensification_of_pasture,aa_land,"land transformation, intensification of pasture",1
primary_forest_to_managed_forest,aa_land,"land transformation, primary forest to managed forest",1
secondary_forest_to_crop,aa_land,"land transformation, secondary forest to crop",1
secondary_forest_to_managed_forest,aa_land,"land transformation, secondary forest to managed forest",1
oa_mix,,production mix activities,0
A_Nat_Fish,oa_mix,generation of domestic mix of fish,1
A_Nat_Elec,oa_mix,generation of domestic electricity mix,1
A_Nat_Heat,oa_mix,generation of domestic mix of heat,1
oa_cons,,Final consumption expenditure,0
F_GOVE,oa_cons,General government final consumption expenditure,1
F_HOUS,oa_cons,Households final consumption expenditure,1
F_NPSH,oa_cons,NPISHs final consumption expenditure,1
ast,,Gross capital formation,0
I_GFCF,ast,Gross fixed capital formation,1
I_CHIN,ast,Changes in inventories,1
I_CHVA,ast,Acquisitions less disposals of valuables,1
ahp,,"household production, total",0
A_PRHH,ahp,operating of private households with employed persons,1
